INSERT INTO rubr_user_roles (id, name, create_time, update_time) VALUES (000001, 'stock worker', DEFAULT, DEFAULT);
INSERT INTO rubr_user_roles (id, name, create_time, update_time) VALUES (000002, 'worker', DEFAULT, DEFAULT);
INSERT INTO rubr_inventory_holdings_nomenclatures (id, name, create_time, update_time) VALUES (000003, 'paper', DEFAULT, DEFAULT);
INSERT INTO rubr_inventory_holdings_nomenclatures (id, name, create_time, update_time) VALUES (000004, 'pencil', DEFAULT, DEFAULT);
INSERT INTO rubr_inventory_holdings_nomenclatures (id, name, create_time, update_time) VALUES (000005, 'marker', DEFAULT, DEFAULT);
INSERT INTO rubr_inventory_holdings_nomenclatures (id, name, create_time, update_time) VALUES (000006, 'flash drive', DEFAULT, DEFAULT);
INSERT INTO rubr_inventory_holdings_nomenclatures (id, name, create_time, update_time) VALUES (000007, 'stapler', DEFAULT, DEFAULT);
INSERT INTO obj_users (id, login, password, full_name, role_id, create_time, update_time) VALUES (000008, 'avolkin', 'sd23dg', 'Волкин Алексей Павлович', 000001, DEFAULT, DEFAULT);
INSERT INTO obj_users (id, login, password, full_name, role_id, create_time, update_time) VALUES (000009, 'slastochkin', '45in@las', 'Ласточкин Савелий Антонович', 000001, DEFAULT, DEFAULT);
INSERT INTO obj_users (id, login, password, full_name, role_id, create_time, update_time) VALUES (000010, 'avanechkin', 'sk757!lex', 'Ванечкин Александр Федорович', 000002, DEFAULT, DEFAULT);
INSERT INTO obj_users (id, login, password, full_name, role_id, create_time, update_time) VALUES (000011, 'lartemieva', 'e03vo732l!', 'Артемьева Любовь Ивановна', 000002, DEFAULT, DEFAULT);
INSERT INTO obj_users (id, login, password, full_name, role_id, create_time, update_time) VALUES (000012, 'mnikitin', 'kin18@qw&', 'Никитин Матвей Олегович', 000002, DEFAULT, DEFAULT);
INSERT INTO obj_inventory_holdings (id, nomenclature_name_id, quantity, create_time, update_time) VALUES (000013, 000003, 100, DEFAULT, DEFAULT);
INSERT INTO obj_inventory_holdings (id, nomenclature_name_id, quantity, create_time, update_time) VALUES (000014, 000004, 50, DEFAULT, DEFAULT);
INSERT INTO obj_inventory_holdings (id, nomenclature_name_id, quantity, create_time, update_time) VALUES (000015, 000005, 25, DEFAULT, DEFAULT);
INSERT INTO obj_inventory_holdings (id, nomenclature_name_id, quantity, create_time, update_time) VALUES (000016, 000006, 30, DEFAULT, DEFAULT);
INSERT INTO obj_inventory_holdings (id, nomenclature_name_id, quantity, create_time, update_time) VALUES (000017, 000007, 17, DEFAULT, DEFAULT);
INSERT INTO rubr_list (id, rubr_table_name, rubr_table_description) VALUES (000018, 'rubr_user_roles', 'Справочник пользовательских ролей');
INSERT INTO rubr_list (id, rubr_table_name, rubr_table_description) VALUES (000019, 'rubr_inventory_holdings_nomenclatures', 'Справочник номенклатур ТМЦ (Товарно-материальных ценностей)');